<?xml version="1.0" encoding="UTF-8"?>
<project-private xmlns="http://www.netbeans.org/ns/project-private/1">
    <editor-bookmarks xmlns="http://www.netbeans.org/ns/editor-bookmarks/2" lastBookmarkId="0"/>
    <open-files xmlns="http://www.netbeans.org/ns/projectui-open-files/2">
        <group>
            <file>file:/C:/Users/gulsh/Documents/Quality%20Assurance%20and%20Testing/BitterTesting2018/src/bittertesting2018/BitterUnitTests.java</file>
            <file>file:/C:/Users/gulsh/Documents/Quality%20Assurance%20and%20Testing/BitterTesting2018/src/bittertesting2018/BitterWebElements.java</file>
            <file>file:/C:/Users/gulsh/Documents/Quality%20Assurance%20and%20Testing/BitterTesting2018/src/bittertesting2018/BitterTesting2018.java</file>
        </group>
    </open-files>
</project-private>
